diff,lwr,upr,p adj,type,comparison,padj_method
-0.0127858139986188,-8.88264978990728,8.85707816191004,1,unrooted_pd,P2-P1,TukeyHSD
1.35193137137172,-7.10515210135435,9.80901484409779,0.999967266798642,unrooted_pd,P3-P1,TukeyHSD
-0.262598301541544,-8.71968177426762,8.19448517118453,0.999999999983917,unrooted_pd,P4-P1,TukeyHSD
0.084527461047557,-8.37255601167852,8.54161093377363,1,unrooted_pd,P5-P1,TukeyHSD
0.486141784944138,-7.99316796388423,8.9654515337725,0.999999996068417,unrooted_pd,P6-P1,TukeyHSD
1.00454208894357,-7.45254138378251,9.46162556166964,0.999997494150606,unrooted_pd,P7-P1,TukeyHSD
-0.342208257705693,-8.79929173043177,8.11487521502038,0.999999999826579,unrooted_pd,P8-P1,TukeyHSD
1.42111074225321,-7.44875323365545,10.2909747181619,0.999966631922351,unrooted_pd,P9-P1,TukeyHSD
1.54585537457125,-7.32400860133741,10.4157193504799,0.999931786544229,unrooted_pd,P10-P1,TukeyHSD
1.36471718537034,-7.50514679053832,10.234581161279,0.999976402715416,unrooted_pd,P3-P2,TukeyHSD
-0.249812487542926,-9.11967646345158,8.62005148836573,0.999999999993384,unrooted_pd,P4-P2,TukeyHSD
0.0973132750461758,-8.77255070086248,8.96717725095483,1,unrooted_pd,P5-P2,TukeyHSD
0.498927598942757,-8.39213082528556,9.38998602317108,0.999999996754749,unrooted_pd,P6-P2,TukeyHSD
1.01732790294218,-7.85253607296647,9.88719187885084,0.99999815550661,unrooted_pd,P7-P2,TukeyHSD
-0.329422443707074,-9.19928641961573,8.54044153220158,0.999999999919714,unrooted_pd,P8-P2,TukeyHSD
1.43389655625182,-7.83037422118057,10.6981673336842,0.999975169584957,unrooted_pd,P9-P2,TukeyHSD
1.55864118856987,-7.70562958886253,10.8229119660023,0.999949409367011,unrooted_pd,P10-P2,TukeyHSD
-1.61452967291326,-10.0716131456393,6.84255379981281,0.999853289747126,unrooted_pd,P4-P3,TukeyHSD
-1.26740391032416,-9.72448738305023,7.18967956240191,0.999981175364243,unrooted_pd,P5-P3,TukeyHSD
-0.865789586427582,-9.34509933525595,7.61352016240078,0.999999335951254,unrooted_pd,P6-P3,TukeyHSD
-0.347389282428154,-8.80447275515423,8.10969419029792,0.999999999801552,unrooted_pd,P7-P3,TukeyHSD
-1.69413962907741,-10.1512231018035,6.76294384364866,0.999781052478375,unrooted_pd,P8-P3,TukeyHSD
0.0691793708814856,-8.80068460502717,8.93904334679014,1,unrooted_pd,P9-P3,TukeyHSD
0.193924003199527,-8.67593997270913,9.06378797910818,0.999999999999435,unrooted_pd,P10-P3,TukeyHSD
0.347125762589101,-8.10995771013697,8.80420923531517,0.999999999802898,unrooted_pd,P5-P4,TukeyHSD
0.748740086485682,-7.73056966234268,9.22804983531405,0.999999815989677,unrooted_pd,P6-P4,TukeyHSD
1.26714039048511,-7.18994308224096,9.72422386321118,0.999981208981057,unrooted_pd,P7-P4,TukeyHSD
-0.0796099561641483,-8.53669342889022,8.37747351656192,1,unrooted_pd,P8-P4,TukeyHSD
1.68370904379475,-7.18615493211391,10.5535730197034,0.999860111165028,unrooted_pd,P9-P4,TukeyHSD
1.80845367611279,-7.06141029979587,10.6783176520214,0.99974664446663,unrooted_pd,P10-P4,TukeyHSD
0.401614323896581,-8.07769542493178,8.88092407272495,0.99999999928859,unrooted_pd,P6-P5,TukeyHSD
0.920014627896009,-7.53706884483006,9.37709810062208,0.999998840294425,unrooted_pd,P7-P5,TukeyHSD
-0.42673571875325,-8.88381919147932,8.03034775397282,0.999999998745916,unrooted_pd,P8-P5,TukeyHSD
1.33658328120565,-7.53328069470301,10.2064472571143,0.999980265847543,unrooted_pd,P9-P5,TukeyHSD
1.46132791352369,-7.40853606238497,10.3311918894323,0.999957668695761,unrooted_pd,P10-P5,TukeyHSD
0.518400303999428,-7.96090944482894,8.99771005282779,0.999999993019167,unrooted_pd,P7-P6,TukeyHSD
-0.828350042649831,-9.30765979147819,7.65095970617853,0.999999550330404,unrooted_pd,P8-P6,TukeyHSD
0.934968957309067,-7.95608946691925,9.82602738153739,0.999999139337688,unrooted_pd,P9-P6,TukeyHSD
1.05971358962711,-7.83134483460121,9.95077201385543,0.999997417970611,unrooted_pd,P10-P6,TukeyHSD
-1.34675034664926,-9.80383381937533,7.11033312607681,0.999968323035599,unrooted_pd,P8-P7,TukeyHSD
0.416568653309639,-8.45329532259902,9.2864326292183,0.999999999340587,unrooted_pd,P9-P7,TukeyHSD
0.54131328562768,-8.32855069028098,9.41117726153634,0.999999993129278,unrooted_pd,P10-P7,TukeyHSD
1.7633189999589,-7.10654497594976,10.6331829758676,0.999794478324913,unrooted_pd,P9-P8,TukeyHSD
1.88806363227694,-6.98180034363172,10.7579276081856,0.999638845930797,unrooted_pd,P10-P8,TukeyHSD
0.124744632318041,-9.13952614511435,9.38901540975043,1,unrooted_pd,P10-P9,TukeyHSD
-0.00338846761603451,-0.0987159083962407,0.0919389731641717,0.999999999945848,bwpd,P2-P1,TukeyHSD
-0.0222012996226288,-0.11309244813508,0.0686898488898224,0.998902232062945,bwpd,P3-P1,TukeyHSD
-0.00119789213855048,-0.0920890406510018,0.0896932563739008,1,bwpd,P4-P1,TukeyHSD
0.00378211164275744,-0.0871090368696939,0.0946732601552087,0.999999999777143,bwpd,P5-P1,TukeyHSD
-0.0143815714930322,-0.105511593343864,0.0767484503577995,0.999970676151841,bwpd,P6-P1,TukeyHSD
-0.0173500483317421,-0.108241196844193,0.0735411001807091,0.99985342033311,bwpd,P7-P1,TukeyHSD
-0.00206107579478942,-0.0929522243072407,0.0888300727176619,0.999999999999171,bwpd,P8-P1,TukeyHSD
-0.0191733069257722,-0.114500747705978,0.076154133854434,0.999773619173046,bwpd,P9-P1,TukeyHSD
-0.0202962564648357,-0.115623697245042,0.0750311843153705,0.999638175015678,bwpd,P10-P1,TukeyHSD
-0.0188128320065943,-0.114140272786801,0.0765146087736119,0.999806590245982,bwpd,P3-P2,TukeyHSD
0.00219057547748402,-0.0931368653027222,0.0975180162576902,0.999999999999031,bwpd,P4-P2,TukeyHSD
0.00717057925879194,-0.0881568615214143,0.102498020038998,0.999999955681004,bwpd,P5-P2,TukeyHSD
-0.0109931038769977,-0.106548328591946,0.0845621208379509,0.999998105659569,bwpd,P6-P2,TukeyHSD
-0.0139615807157076,-0.109289021495914,0.0813658600644986,0.999984551979049,bwpd,P7-P2,TukeyHSD
0.00132739182124508,-0.0940000489589611,0.0966548326014513,1,bwpd,P8-P2,TukeyHSD
-0.0157848393097377,-0.115351103945381,0.0837814253259056,0.999969508652866,bwpd,P9-P2,TukeyHSD
-0.0169077888488012,-0.116474053484445,0.0826584757868422,0.99994525339246,bwpd,P10-P2,TukeyHSD
0.0210034074840784,-0.0698877410283729,0.11189455599653,0.99929587522078,bwpd,P4-P3,TukeyHSD
0.0259834112653863,-0.064907737247065,0.116874559777838,0.996268330313891,bwpd,P5-P3,TukeyHSD
0.00781972812959664,-0.0833102937212351,0.0989497499804284,0.999999857244186,bwpd,P6-P3,TukeyHSD
0.0048512512908867,-0.0860398972215646,0.095742399803338,0.999999997926659,bwpd,P7-P3,TukeyHSD
0.0201402238278394,-0.0707509246846119,0.111031372340291,0.999498690459866,bwpd,P8-P3,TukeyHSD
0.00302799269685661,-0.0922994480833496,0.0983554334770628,0.999999999980276,bwpd,P9-P3,TukeyHSD
0.00190504315779316,-0.093422397622413,0.0972324839379994,1,bwpd,P10-P3,TukeyHSD
0.00498000378130792,-0.0859111447311434,0.0958711522937592,0.999999997379123,bwpd,P5-P4,TukeyHSD
-0.0131836793544817,-0.104313701205313,0.07794634249635,0.999986105605917,bwpd,P6-P4,TukeyHSD
-0.0161521561931917,-0.107043304705643,0.0747389923192596,0.999919593233273,bwpd,P7-P4,TukeyHSD
-0.000863183656238942,-0.0917543321686902,0.0900279648562123,1,bwpd,P8-P4,TukeyHSD
-0.0179754147872218,-0.113302855567428,0.0773520259929845,0.999867679572443,bwpd,P9-P4,TukeyHSD
-0.0190983643262852,-0.114425805106491,0.076229076453921,0.999780844955787,bwpd,P10-P4,TukeyHSD
-0.0181636831357896,-0.109293704986621,0.0729663387150421,0.999790000498951,bwpd,P6-P5,TukeyHSD
-0.0211321599744996,-0.112023308486951,0.0697589885379517,0.999260355832982,bwpd,P7-P5,TukeyHSD
-0.00584318743754686,-0.0967343359499981,0.0850479610749044,0.99999998906663,bwpd,P8-P5,TukeyHSD
-0.0229554185685297,-0.118282859348736,0.0723720222116765,0.99902005672681,bwpd,P9-P5,TukeyHSD
-0.0240783681075931,-0.119405808887799,0.0712490726726131,0.998568679700974,bwpd,P10-P5,TukeyHSD
-0.00296847683870993,-0.0940984986895416,0.0881615450121218,0.999999999975271,bwpd,P7-P6,TukeyHSD
0.0123204956982428,-0.0788095261525889,0.103450517549075,0.999992263373366,bwpd,P8-P6,TukeyHSD
-0.00479173543274003,-0.100346960147689,0.0907634892822085,0.999999998813818,bwpd,P9-P6,TukeyHSD
-0.00591468497180347,-0.101469909686752,0.0896405397431451,0.999999992203703,bwpd,P10-P6,TukeyHSD
0.0152889725369527,-0.0756021759754986,0.106180121049404,0.999949486667379,bwpd,P8-P7,TukeyHSD
-0.0018232585940301,-0.0971506993742363,0.0935041821861761,1,bwpd,P9-P7,TukeyHSD
-0.00294620813309354,-0.0982736489132997,0.0923812326471127,0.999999999984577,bwpd,P10-P7,TukeyHSD
-0.0171122311309828,-0.112439671911189,0.0782152096492234,0.999912459236583,bwpd,P9-P8,TukeyHSD
-0.0182351806700463,-0.113562621450252,0.0770922601101599,0.999850824903359,bwpd,P10-P8,TukeyHSD
-0.00112294953906344,-0.100689214174707,0.0984433150965799,1,bwpd,P10-P9,TukeyHSD
0.0258426171209223,-0.425594589650518,0.477279823892363,0.999999996105483,pc1,P2-P1,TukeyHSD
-0.0319937996226594,-0.464016400713081,0.400028801467762,0.999999961266465,pc1,P3-P1,TukeyHSD
-0.0288247285605553,-0.460847329650977,0.403197872529866,0.999999984707614,pc1,P4-P1,TukeyHSD
0.052284502672223,-0.379738098418199,0.484307103762645,0.999997037500676,pc1,P5-P1,TukeyHSD
0.0121677077405874,-0.419854893349834,0.444190308831009,0.999999999993354,pc1,P6-P1,TukeyHSD
0.0441388005180841,-0.387883800572338,0.476161401608506,0.999999329680659,pc1,P7-P1,TukeyHSD
0.0354556054608131,-0.396566995629609,0.467478206551235,0.999999903460814,pc1,P8-P1,TukeyHSD
-0.0127352001089389,-0.514014809898616,0.488544409680738,0.999999999997398,pc1,P9-P1,TukeyHSD
-0.0151692160274325,-0.513557431728541,0.483218999673676,0.999999999986503,pc1,P10-P1,TukeyHSD
-0.0578364167435816,-0.511515031685924,0.39584219819876,0.999995337505568,pc1,P3-P2,TukeyHSD
-0.0546673456814776,-0.50834596062382,0.399011269260865,0.999997147827647,pc1,P4-P2,TukeyHSD
0.0264418855513007,-0.427236729391041,0.480120500493643,0.999999995426763,pc1,P5-P2,TukeyHSD
-0.0136749093803349,-0.467353524322677,0.440003705562007,0.999999999987631,pc1,P6-P2,TukeyHSD
0.0182961833971618,-0.43538243154518,0.471974798339504,0.999999999831014,pc1,P7-P2,TukeyHSD
0.00961298833989077,-0.444065626602451,0.463291603282233,0.999999999999614,pc1,P8-P2,TukeyHSD
-0.0385778172298612,-0.5586374339989,0.481481799539177,0.99999996068657,pc1,P9-P2,TukeyHSD
-0.0410118331483548,-0.558285040798628,0.476261374501918,0.999999928947495,pc1,P10-P2,TukeyHSD
0.00316907106210407,-0.431195133093044,0.437533275217252,1,pc1,P4-P3,TukeyHSD
0.0842783022948823,-0.350085901860266,0.51864250645003,0.99983144104838,pc1,P5-P3,TukeyHSD
0.0441615073632468,-0.390202696791901,0.478525711518395,0.999999357955291,pc1,P6-P3,TukeyHSD
0.0761326001407434,-0.358231604014405,0.510496804295891,0.999928161740198,pc1,P7-P3,TukeyHSD
0.0674494050834724,-0.366914799071676,0.50181360923862,0.999974365862585,pc1,P8-P3,TukeyHSD
0.0192585995137204,-0.484040497633585,0.522557696661026,0.999999999894579,pc1,P9-P3,TukeyHSD
0.0168245835952269,-0.483594788080306,0.51724395527076,0.999999999967009,pc1,P10-P3,TukeyHSD
0.0811092312327783,-0.35325497292237,0.515473435387926,0.999877616997829,pc1,P5-P4,TukeyHSD
0.0409924363011427,-0.393371767854005,0.475356640456291,0.999999667221201,pc1,P6-P4,TukeyHSD
0.0729635290786393,-0.361400675076509,0.507327733233787,0.999949888811052,pc1,P7-P4,TukeyHSD
0.0642803340213684,-0.37008387013378,0.498644538176516,0.999983041701202,pc1,P8-P4,TukeyHSD
0.0160895284516164,-0.487209568695689,0.519388625598922,0.999999999979021,pc1,P9-P4,TukeyHSD
0.0136555125331228,-0.486763859142411,0.514074884208656,0.999999999995043,pc1,P10-P4,TukeyHSD
-0.0401167949316356,-0.474480999086784,0.394247409223512,0.999999725054569,pc1,P6-P5,TukeyHSD
-0.0081457021541389,-0.442509906309287,0.426218502001009,1,pc1,P7-P5,TukeyHSD
-0.0168288972114099,-0.451193101366558,0.417535306943738,0.999999999882107,pc1,P8-P5,TukeyHSD
-0.0650197027811619,-0.568318799928467,0.438279394366143,0.999994766524449,pc1,P9-P5,TukeyHSD
-0.0674537186996554,-0.567873090375189,0.432965652975878,0.999992430821713,pc1,P10-P5,TukeyHSD
0.0319710927774967,-0.402393111377651,0.466335296932645,0.999999963318404,pc1,P7-P6,TukeyHSD
0.0232878977202257,-0.411076306434922,0.457652101875374,0.99999999783288,pc1,P8-P6,TukeyHSD
-0.0249029078495263,-0.528202004996832,0.478396189297779,0.999999998943416,pc1,P9-P6,TukeyHSD
-0.0273369237680199,-0.527756295443553,0.473082447907513,0.999999997437283,pc1,P10-P6,TukeyHSD
-0.008683195057271,-0.443047399212419,0.425681009097877,1,pc1,P8-P7,TukeyHSD
-0.056874000627023,-0.560173097774328,0.446425096520282,0.999998374285445,pc1,P9-P7,TukeyHSD
-0.0593080165455165,-0.55972738822105,0.441111355130017,0.999997532611251,pc1,P10-P7,TukeyHSD
-0.048190805569752,-0.551489902717057,0.455108291577553,0.999999621804651,pc1,P9-P8,TukeyHSD
-0.0506248214882455,-0.551044193163779,0.449794550187288,0.999999385495268,pc1,P10-P8,TukeyHSD
-0.00243401591849357,-0.563733639013052,0.558865607176065,1,pc1,P10-P9,TukeyHSD
-0.00505251534249629,-0.305394548153977,0.295289517468985,1,pc2,P2-P1,TukeyHSD
-0.0120734643620284,-0.299498923065291,0.275351994341234,0.999999999756463,pc2,P3-P1,TukeyHSD
-0.0239287419960323,-0.311354200699295,0.26349671670723,0.999999890383728,pc2,P4-P1,TukeyHSD
-0.0246498467829408,-0.312075305486203,0.262775611920322,0.999999857358506,pc2,P5-P1,TukeyHSD
-0.00188322727259793,-0.28930868597586,0.285542231430664,1,pc2,P6-P1,TukeyHSD
-0.0129845461329441,-0.300410004836207,0.274440912570318,0.999999999532458,pc2,P7-P1,TukeyHSD
-0.014796989851821,-0.302222448555083,0.272628468851441,0.999999998492977,pc2,P8-P1,TukeyHSD
0.0182772752575504,-0.31522500313884,0.35177955365394,0.999999997362465,pc2,P9-P1,TukeyHSD
0.0258990590080495,-0.305679569398499,0.357477687414598,0.999999937786159,pc2,P10-P1,TukeyHSD
-0.0070209490195321,-0.308854194952819,0.294812296913755,0.999999999998882,pc2,P3-P2,TukeyHSD
-0.0188762266535361,-0.320709472586823,0.282957019279751,0.999999991417314,pc2,P4-P2,TukeyHSD
-0.0195973314404445,-0.321430577373731,0.282235914492842,0.999999988006356,pc2,P5-P2,TukeyHSD
0.00316928806989836,-0.298663957863388,0.305002534003185,1,pc2,P6-P2,TukeyHSD
-0.0079320307904478,-0.309765276723734,0.293901215142839,0.999999999996473,pc2,P7-P2,TukeyHSD
-0.0097444745093247,-0.311577720442611,0.292088771423962,0.999999999977082,pc2,P8-P2,TukeyHSD
0.0233297906000467,-0.322666862180622,0.369326443380715,0.999999983199561,pc2,P9-P2,TukeyHSD
0.0309515743505457,-0.313191275140492,0.375094423841583,0.999999782611308,pc2,P10-P2,TukeyHSD
-0.011855277634004,-0.300838609312618,0.27712805404461,0.999999999802996,pc2,P4-P3,TukeyHSD
-0.0125763824209124,-0.301559714099527,0.276406949257702,0.999999999665469,pc2,P5-P3,TukeyHSD
0.0101902370894305,-0.278793094589184,0.299173568768045,0.999999999949388,pc2,P6-P3,TukeyHSD
-0.0009110817709157,-0.28989441344953,0.288072249907698,1,pc2,P7-P3,TukeyHSD
-0.0027235254897926,-0.291706857168407,0.286259806188822,1,pc2,P8-P3,TukeyHSD
0.0303507396195788,-0.3044951075592,0.365196586798358,0.999999767106005,pc2,P9-P3,TukeyHSD
0.0379725233700778,-0.294957436971822,0.370902483711978,0.999998236554605,pc2,P10-P3,TukeyHSD
-0.000721104786908455,-0.289704436465523,0.288262226891706,1,pc2,P5-P4,TukeyHSD
0.0220455147234344,-0.26693781695518,0.311028846402049,0.999999949562766,pc2,P6-P4,TukeyHSD
0.0109441958630883,-0.278039135815526,0.299927527541702,0.999999999903924,pc2,P7-P4,TukeyHSD
0.00913175214421136,-0.279851579534403,0.298115083822826,0.999999999981096,pc2,P8-P4,TukeyHSD
0.0422060172535828,-0.292639829925196,0.377051864432362,0.999995775851263,pc2,P9-P4,TukeyHSD
0.0498278010040818,-0.283102159337818,0.382757761345982,0.99998131560755,pc2,P10-P4,TukeyHSD
0.0227666195103429,-0.266216712168271,0.311749951188957,0.999999932853521,pc2,P6-P5,TukeyHSD
0.0116653006499967,-0.277318031028617,0.300648632328611,0.999999999829574,pc2,P7-P5,TukeyHSD
0.00985285693111981,-0.279130474747494,0.298836188609734,0.999999999962591,pc2,P8-P5,TukeyHSD
0.0429271220404912,-0.291918725138288,0.37777296921927,0.999995104445458,pc2,P9-P5,TukeyHSD
0.0505489057909903,-0.28238105455091,0.38347886613289,0.999978861122325,pc2,P10-P5,TukeyHSD
-0.0111013188603462,-0.30008465053896,0.277882012818268,0.999999999890803,pc2,P7-P6,TukeyHSD
-0.0129137625792231,-0.301897094257837,0.276069569099391,0.999999999575868,pc2,P8-P6,TukeyHSD
0.0201605025301483,-0.314685344648631,0.355006349708928,0.999999993885907,pc2,P9-P6,TukeyHSD
0.0277822862806474,-0.305147674061253,0.360712246622547,0.999999888074251,pc2,P10-P6,TukeyHSD
-0.0018124437188769,-0.290795775397491,0.287170887959737,1,pc2,P8-P7,TukeyHSD
0.0312618213904945,-0.303584025788285,0.366107668569274,0.999999697459578,pc2,P9-P7,TukeyHSD
0.0388836051409935,-0.294046355200906,0.371813565482894,0.999997829570677,pc2,P10-P7,TukeyHSD
0.0330742651093714,-0.301771582069408,0.367920112288151,0.999999502313128,pc2,P9-P8,TukeyHSD
0.0406960488598704,-0.29223391148203,0.37362600920177,0.999996767849076,pc2,P10-P8,TukeyHSD
0.00762178375049905,-0.365811923723882,0.38105549122488,0.999999999999826,pc2,P10-P9,TukeyHSD
-0.00293475889125808,-0.178883690152428,0.173014172369912,1,pc3,P2-P1,TukeyHSD
0.00641439309868686,-0.161967640553705,0.174796426751079,0.999999999898729,pc3,P3-P1,TukeyHSD
0.00225351734271262,-0.166128516309679,0.170635550995104,1,pc3,P4-P1,TukeyHSD
0.0230468368463664,-0.145335196806026,0.191428870498758,0.999991357773276,pc3,P5-P1,TukeyHSD
0.0395111229748169,-0.128870910677575,0.207893156627209,0.999200708697473,pc3,P6-P1,TukeyHSD
0.0193286150713876,-0.149053418581004,0.187710648723779,0.999998134501419,pc3,P7-P1,TukeyHSD
0.0192920671235279,-0.149089966528864,0.18767410077592,0.999998165180212,pc3,P8-P1,TukeyHSD
0.00886782065600518,-0.186507328495502,0.204242969807513,0.999999999512294,pc3,P9-P1,TukeyHSD
0.00852861899394022,-0.18571960111382,0.202776839101701,0.999999999637881,pc3,P10-P1,TukeyHSD
0.00934915198994493,-0.16747337446071,0.1861716784406,0.999999998086531,pc3,P3-P2,TukeyHSD
0.0051882762339707,-0.171634250216685,0.182010802684626,0.999999999990294,pc3,P4-P2,TukeyHSD
0.0259815957376244,-0.150840930713031,0.20280412218828,0.999984050965509,pc3,P5-P2,TukeyHSD
0.042445881866075,-0.13437664458458,0.21926840831673,0.999041103571732,pc3,P6-P2,TukeyHSD
0.0222633739626457,-0.15455915248801,0.199085900413301,0.999995816001553,pc3,P7-P2,TukeyHSD
0.022226826014786,-0.154595700435869,0.199049352465441,0.999995875470971,pc3,P8-P2,TukeyHSD
0.0118025795472633,-0.190892130569827,0.214497289664353,0.999999995465152,pc3,P9-P2,TukeyHSD
0.0114633778851983,-0.190145321377781,0.213072077148178,0.99999999633389,pc3,P10-P2,TukeyHSD
-0.00416087575597424,-0.173455555841794,0.165133804329845,0.999999999998071,pc3,P4-P3,TukeyHSD
0.0166324437476795,-0.15266223633814,0.185927123833499,0.999999525348061,pc3,P5-P3,TukeyHSD
0.0330967298761301,-0.136197950209689,0.20239140996195,0.99982050538071,pc3,P6-P3,TukeyHSD
0.0129142219727008,-0.156380458113119,0.18220890205852,0.999999949586015,pc3,P7-P3,TukeyHSD
0.012877674024841,-0.156417006060978,0.182172354110661,0.999999950840897,pc3,P8-P3,TukeyHSD
0.00245342755731832,-0.193708822517507,0.198615677632144,1,pc3,P9-P3,TukeyHSD
0.00211422589525337,-0.192925643012306,0.197154094802812,1,pc3,P10-P3,TukeyHSD
0.0207933195036537,-0.148501360582166,0.190087999589473,0.999996629801503,pc3,P5-P4,TukeyHSD
0.0372576056321043,-0.132037074453715,0.206552285717924,0.99952413698544,pc3,P6-P4,TukeyHSD
0.017075097728675,-0.152219582357144,0.186369777814494,0.999999401612191,pc3,P7-P4,TukeyHSD
0.0170385497808153,-0.152256130305004,0.186333229866635,0.99999941280894,pc3,P8-P4,TukeyHSD
0.00661430331329256,-0.189547946761533,0.202776553388118,0.999999999966139,pc3,P9-P4,TukeyHSD
0.00627510165122761,-0.188764767256331,0.201314970558787,0.999999999977779,pc3,P10-P4,TukeyHSD
0.0164642861284506,-0.152830393957369,0.18575896621427,0.999999566065496,pc3,P6-P5,TukeyHSD
-0.00371822177497873,-0.173012901860798,0.165576458310841,0.999999999999402,pc3,P7-P5,TukeyHSD
-0.00375476972283846,-0.173049449808658,0.165539910362981,0.999999999999339,pc3,P8-P5,TukeyHSD
-0.0141790161903612,-0.210341266265187,0.181983233884465,0.999999968785413,pc3,P9-P5,TukeyHSD
-0.0145182178524261,-0.209558086759985,0.180521651055133,0.999999959454955,pc3,P10-P5,TukeyHSD
-0.0201825079034293,-0.189477187989249,0.14911217218239,0.999997402496667,pc3,P7-P6,TukeyHSD
-0.020219055851289,-0.189513735937109,0.14907562423453,0.999997361088412,pc3,P8-P6,TukeyHSD
-0.0306433023188117,-0.226805552393637,0.165518947756014,0.999973019593347,pc3,P9-P6,TukeyHSD
-0.0309825039808767,-0.226022372888436,0.164057364926682,0.999968864565507,pc3,P10-P6,TukeyHSD
-3.6547947859733e-05,-0.169331228033679,0.16925813213796,1,pc3,P8-P7,TukeyHSD
-0.0104607944153824,-0.206623044490208,0.185701455659443,0.999999997934328,pc3,P9-P7,TukeyHSD
-0.0107999960774474,-0.205839864985006,0.184239872830111,0.999999997107063,pc3,P10-P7,TukeyHSD
-0.0104242464675227,-0.206586496542348,0.185738003607303,0.999999997998018,pc3,P9-P8,TukeyHSD
-0.0107634481295877,-0.205803317037147,0.184276420777971,0.999999997193458,pc3,P10-P8,TukeyHSD
-0.000339201662064956,-0.219107321168853,0.218428917844723,1,pc3,P10-P9,TukeyHSD
-0.00433619489939552,-0.157670233586601,0.14899784378781,0.999999999993092,pc4,P2-P1,TukeyHSD
-0.0053410453087247,-0.152080767324781,0.141398676707331,0.999999999932727,pc4,P3-P1,TukeyHSD
0.00837530044746804,-0.138364421568588,0.155115022463524,0.99999999620727,pc4,P4-P1,TukeyHSD
-0.0241640787194689,-0.170903800735525,0.122575643296587,0.999957678399736,pc4,P5-P1,TukeyHSD
-0.0167006000791458,-0.163440322095202,0.13003912193691,0.999998269418893,pc4,P6-P1,TukeyHSD
-0.0247145086835692,-0.171454230699625,0.122025213332487,0.999948746766359,pc4,P7-P1,TukeyHSD
-0.0172231037791533,-0.16396282579521,0.129516618236903,0.99999773346968,pc4,P8-P1,TukeyHSD
-0.00886374210803043,-0.179127127419807,0.161399643203746,0.999999998334627,pc4,P9-P1,TukeyHSD
-0.012602540376169,-0.181883841964259,0.156678761211921,0.999999959405747,pc4,P10-P1,TukeyHSD
-0.00100485040932918,-0.155100200220288,0.153090499401629,1,pc4,P3-P2,TukeyHSD
0.0127114953468636,-0.141383854464095,0.166806845157822,0.999999898961573,pc4,P4-P2,TukeyHSD
-0.0198278838200733,-0.173923233631032,0.134267465990885,0.999994944971012,pc4,P5-P2,TukeyHSD
-0.0123644051797502,-0.166459754990709,0.141730944631208,0.999999920981791,pc4,P6-P2,TukeyHSD
-0.0203783137841737,-0.174473663595132,0.133717036026785,0.999993586629321,pc4,P7-P2,TukeyHSD
-0.0128869088797578,-0.166982258690716,0.141208440931201,0.999999885894392,pc4,P8-P2,TukeyHSD
-0.00452754720863491,-0.181169702975141,0.172114608557871,0.999999999997183,pc4,P9-P2,TukeyHSD
-0.00826634547677346,-0.183962076453283,0.167429385499736,0.999999999327036,pc4,P10-P2,TukeyHSD
0.0137163457561927,-0.133818719332014,0.1612514108444,0.999999708501489,pc4,P4-P3,TukeyHSD
-0.0188230334107442,-0.166358098498951,0.128712031677463,0.999995305499555,pc4,P5-P3,TukeyHSD
-0.0113595547704211,-0.158894619858628,0.136175510317786,0.999999945236891,pc4,P6-P3,TukeyHSD
-0.0193734633748445,-0.166908528463052,0.128161601713363,0.999993968156708,pc4,P7-P3,TukeyHSD
-0.0118820584704286,-0.159417123558636,0.135653006617778,0.99999991833203,pc4,P8-P3,TukeyHSD
-0.00352269679930572,-0.174472016163433,0.167426622564822,0.999999999999761,pc4,P9-P3,TukeyHSD
-0.00726149506744428,-0.177232694041241,0.162709703906352,0.999999999716587,pc4,P10-P3,TukeyHSD
-0.0325393791669369,-0.180074444255144,0.11499568592127,0.99951565711724,pc4,P5-P4,TukeyHSD
-0.0250759005266138,-0.172610965614821,0.122459164561593,0.999944626809644,pc4,P6-P4,TukeyHSD
-0.0330898091310372,-0.180624874219244,0.11444525595717,0.999444943960581,pc4,P7-P4,TukeyHSD
-0.0255984042266214,-0.173133469314828,0.121936660861586,0.999934057572583,pc4,P8-P4,TukeyHSD
-0.0172390425554985,-0.188188361919626,0.153710276808629,0.999999402511763,pc4,P9-P4,TukeyHSD
-0.020977840823637,-0.190949039797434,0.14899335815016,0.999996484222257,pc4,P10-P4,TukeyHSD
0.0074634786403231,-0.140071586447884,0.15499854372853,0.999999998711564,pc4,P6-P5,TukeyHSD
-0.000550429964100319,-0.148085495052307,0.146984635124107,1,pc4,P7-P5,TukeyHSD
0.00694097494031554,-0.140594090147892,0.154476040028523,0.999999999327413,pc4,P8-P5,TukeyHSD
0.0153003366114384,-0.155648982752689,0.186249655975566,0.99999979176537,pc4,P9-P5,TukeyHSD
0.0115615383432999,-0.158409660630497,0.181532737317097,0.99999998183588,pc4,P10-P5,TukeyHSD
-0.00801390860442341,-0.155548973692631,0.139521156483784,0.999999997564227,pc4,P7-P6,TukeyHSD
-0.000522503700007559,-0.148057568788215,0.1470125613882,1,pc4,P8-P6,TukeyHSD
0.00783685797111533,-0.163112461393012,0.178786177335243,0.999999999466743,pc4,P9-P6,TukeyHSD
0.00409805970297677,-0.16587313927082,0.174069258676773,0.999999999998382,pc4,P10-P6,TukeyHSD
0.00749140490441586,-0.140043660183791,0.155026469992623,0.999999998667754,pc4,P8-P7,TukeyHSD
0.0158507665755387,-0.155098552788589,0.186800085939666,0.99999971530753,pc4,P9-P7,TukeyHSD
0.0121119683074002,-0.157859230666397,0.182083167281197,0.999999972507249,pc4,P10-P7,TukeyHSD
0.00835936167112289,-0.162589957693005,0.17930868103525,0.999999999049248,pc4,P9-P8,TukeyHSD
0.00462056340298434,-0.165350635570812,0.174591762376781,0.99999999999521,pc4,P10-P8,TukeyHSD
-0.00373879826813855,-0.194388431997309,0.186910835461032,1,pc4,P10-P9,TukeyHSD
0.000284941340959577,-0.120354292315111,0.12092417499703,1,pc5,P2-P1,TukeyHSD
0.0120923159971698,-0.103358680810096,0.127543312804436,0.999999165627237,pc5,P3-P1,TukeyHSD
0.00873065224690528,-0.106720344560361,0.124181649054171,0.999999953337817,pc5,P4-P1,TukeyHSD
0.000437335817182749,-0.115013660990083,0.115888332624449,1,pc5,P5-P1,TukeyHSD
-0.0165837555552395,-0.132034752362506,0.0988672412520265,0.999986881070582,pc5,P6-P1,TukeyHSD
-0.00236120792119987,-0.117812204728466,0.113089788886066,0.999999999999806,pc5,P7-P1,TukeyHSD
-0.00388396974091787,-0.119334966548184,0.111567027066348,0.999999999966826,pc5,P8-P1,TukeyHSD
-0.00442764404181073,-0.138386447315769,0.129531159232148,0.999999999971695,pc5,P9-P1,TukeyHSD
-0.00363103526755992,-0.136817160610212,0.129555090075093,0.999999999995084,pc5,P10-P1,TukeyHSD
0.0118073746562102,-0.109430838791495,0.133045588103915,0.999999560613906,pc5,P3-P2,TukeyHSD
0.0084457109059457,-0.112792502541759,0.129683924353651,0.999999977533994,pc5,P4-P2,TukeyHSD
0.000152394476223172,-0.121085818971482,0.121390607923928,1,pc5,P5-P2,TukeyHSD
-0.0168686968961991,-0.138106910343904,0.104369516551506,0.999990038847135,pc5,P6-P2,TukeyHSD
-0.00264614926215945,-0.123884362709864,0.118592064185545,0.999999999999443,pc5,P7-P2,TukeyHSD
-0.00416891108187745,-0.125407124529582,0.117069302365827,0.999999999959622,pc5,P8-P2,TukeyHSD
-0.00471258538277031,-0.14369003934848,0.134264868582939,0.999999999964383,pc5,P9-P2,TukeyHSD
-0.0039159766085195,-0.142148808164516,0.134316854947477,0.999999999992979,pc5,P10-P2,TukeyHSD
-0.00336166375026448,-0.119438415801046,0.112715088300517,0.999999999991394,pc5,P4-P3,TukeyHSD
-0.011654980179987,-0.127731732230769,0.104421771870795,0.999999424877609,pc5,P5-P3,TukeyHSD
-0.0286760715524093,-0.144752823603191,0.0874006804983724,0.998794836096996,pc5,P6-P3,TukeyHSD
-0.0144535239183696,-0.130530275969151,0.101623228132412,0.999996202145393,pc5,P7-P3,TukeyHSD
-0.0159762857380876,-0.132053037788869,0.100100466312694,0.999990931448638,pc5,P8-P3,TukeyHSD
-0.0165199600389805,-0.151018438385237,0.117978518307276,0.999996629049352,pc5,P9-P3,TukeyHSD
-0.0157233512647297,-0.149452269927284,0.118005567397824,0.999997698681515,pc5,P10-P3,TukeyHSD
-0.00829331642972253,-0.124370068480504,0.107783435621059,0.9999999718548,pc5,P5-P4,TukeyHSD
-0.0253144078021448,-0.141391159852926,0.0907623442486369,0.999558124941957,pc5,P6-P4,TukeyHSD
-0.0110918601681052,-0.127168612218887,0.104984891882677,0.999999628505412,pc5,P7-P4,TukeyHSD
-0.0126146219878232,-0.128691374038605,0.103462130062959,0.999998846014284,pc5,P8-P4,TukeyHSD
-0.013158296288716,-0.147656774634972,0.12134018205754,0.999999542678879,pc5,P9-P4,TukeyHSD
-0.0123616875144652,-0.146090606177019,0.121367231148089,0.999999722917281,pc5,P10-P4,TukeyHSD
-0.0170210913724222,-0.133097843423204,0.0990556606783594,0.999984328725203,pc5,P6-P5,TukeyHSD
-0.00279854373838262,-0.118875295789164,0.113278208312399,0.999999999998383,pc5,P7-P5,TukeyHSD
-0.00432130555810062,-0.120398057608882,0.111755446492681,0.999999999917634,pc5,P8-P5,TukeyHSD
-0.00486497985899348,-0.13936345820525,0.129633498487263,0.999999999936398,pc5,P9-P5,TukeyHSD
-0.00406837108474267,-0.137797289747297,0.129660547577811,0.999999999986558,pc5,P10-P5,TukeyHSD
0.0142225476340396,-0.101854204416742,0.130299299684821,0.999996700058653,pc5,P7-P6,TukeyHSD
0.0126997858143216,-0.10337696623646,0.128776537865103,0.999998775754388,pc5,P8-P6,TukeyHSD
0.0121561115134288,-0.122342366832827,0.146654589859685,0.999999772950336,pc5,P9-P6,TukeyHSD
0.0129527202876796,-0.120776198374875,0.146681638950234,0.99999958134997,pc5,P10-P6,TukeyHSD
-0.001522761819718,-0.1175995138705,0.114553990231064,1,pc5,P8-P7,TukeyHSD
-0.00206643612061086,-0.136564914466867,0.132432042225645,1,pc5,P9-P7,TukeyHSD
-0.00126982734636005,-0.134998746008914,0.132459091316194,1,pc5,P10-P7,TukeyHSD
-0.00054367430089286,-0.135042152647149,0.133954804045363,1,pc5,P9-P8,TukeyHSD
0.000252934473357946,-0.133475984189196,0.133981853135912,1,pc5,P10-P8,TukeyHSD
0.000796608774250807,-0.149201564539479,0.150794782087981,1,pc5,P10-P9,TukeyHSD
